district_code,state,district_num,pres16_total,pres16_dem,pres16_rep,comp16-20_total,comp16-20_dem,comp16-20_rep,pres20_total,pres20_dem,pres20_rep,pres24_total,pres24_dem,pres24_rep,pop_total,pop_white,pop_hispanic,pop_black,pop_asian,pop_native,pop_pacific,vap_total,vap_white,vap_hispanic,vap_black,vap_asian,vap_native,vap_pacific
AK-01,AK,1,318608,116454,163387,324817,135645,171369,357569,153778,189951,337780,139695,184410,733391,421758,49824,35454,61460,160287,18668,554003,340580,33441,23665,43407,105737,11184
AL-01,AL,1,299425,99051,190486,268234,101796,163862,326408,112801,209353,329353,104163,221108,718133,460698,27385,191612,14630,23200,1029,557780,372120,18157,138741,10365,17219,668
AL-02,AL,2,317002,172575,136454,281742,164935,114906,325681,183164,139011,297989,159574,134942,717632,302445,26689,365144,15711,10645,941,564287,252526,18108,275449,11878,7974,648
AL-03,AL,3,281597,85862,186880,251578,87014,162476,311243,101098,206146,305943,90298,212148,717714,451499,33336,200253,18372,16320,1405,560275,365907,21367,147644,13757,12214,913
AL-04,AL,4,297876,40219,249116,261546,44738,214783,327400,45822,277895,329546,42150,284342,718281,598002,57024,32797,5685,26094,836,554721,475773,33354,22232,3785,19504,499
AL-05,AL,5,297267,98920,182084,279811,113657,161841,347055,131648,208362,351365,128697,216227,717701,477734,46267,151214,20110,24602,1583,562016,388038,29138,112590,14356,18279,1027
AL-06,AL,6,305225,70970,224031,272124,76772,192714,336860,86029,246558,329768,78639,247584,717875,524916,36780,129050,9393,17788,797,556916,418225,22870,95234,6555,13475,554
AL-07,AL,7,325432,162010,149578,300486,169978,126788,348635,189062,153845,321126,168891,146265,716943,356057,36566,294666,18876,12381,888,561171,291955,23862,222482,14213,9449,581
AR-01,AR,1,284966,63210,206181,266757,59563,199528,304811,64921,231695,300054,61266,232831,752933,629714,33822,49122,9574,25845,2074,581187,498219,20581,31704,6536,19801,1228
AR-02,AR,2,290881,151731,125604,271167,139419,125318,298734,159683,130562,274003,142263,125765,752835,365354,45644,313128,16074,16684,1031,582650,302240,29729,228156,11723,12648,654
AR-03,AR,3,260266,82512,157505,253626,87235,157989,301272,110520,181754,317708,114324,194769,752881,511174,122266,31916,33037,45651,13459,566503,406827,77555,20169,23526,32035,7590
AR-04,AR,4,294379,82992,195454,275321,78882,188982,314252,88808,216636,307459,83291,217830,752875,557308,55115,101802,9873,27434,1310,581933,446486,34137,71849,6954,20428,821
AZ-01,AZ,1,368941,161194,183099,384742,179731,198769,463574,227429,230104,452222,212333,235595,794167,568169,119010,34042,53541,21092,2939,649110,486330,83191,24336,38923,15580,1914
AZ-02,AZ,2,305760,137328,144132,318953,154367,157348,390839,193505,191289,396811,186163,206543,795094,399986,170168,28575,20442,187878,4063,612436,336533,115402,19036,15068,130681,2875
AZ-03,AZ,3,167908,119880,35491,176269,131162,41051,228765,171034,53850,212777,147687,62040,794325,174190,471469,98248,35869,41855,4051,580359,154087,315869,67428,28580,29769,2627
AZ-04,AZ,4,305584,145198,132874,316972,166731,142941,389162,214467,167532,367184,195793,166183,794263,424473,208093,60671,71072,43004,5460,614262,355440,140676,41605,52226,29668,3591
AZ-05,AZ,5,284675,92452,168893,312496,114466,191773,404246,153833,243955,436254,161741,270137,795395,550589,145987,39266,39569,24024,4990,595539,431550,94549,25325,27212,16454,3013
AZ-06,AZ,6,340036,165979,148547,350248,183807,159096,414002,226524,180932,405565,218838,181745,794983,470866,220130,47657,39285,28904,4389,646906,411173,155735,32919,30013,21607,2937
AZ-07,AZ,7,213633,131489,68603,219129,137977,76726,282147,176617,101345,277342,156951,117515,794710,189657,507066,51961,23220,47601,3459,579506,160152,348493,34338,16799,33056,2362
AZ-08,AZ,8,299056,120679,157294,309835,137098,166450,379336,174970,198791,364563,163504,197376,794897,458937,211609,60894,45904,28919,4016,619479,387695,142195,40739,32818,20381,2589
AZ-09,AZ,9,319064,86968,213468,343703,103400,234926,433223,133764,293888,476601,139850,333108,793668,579680,138721,25080,22230,30283,3845,644379,495134,93507,16450,15991,22034,2573
CA-01,CA,1,305217,108200,175966,300378,112853,181398,356896,139575,208671,333725,120247,204134,759976,480818,162458,20439,52079,49242,5289,595682,396551,111917,14906,38011,35705,3799
CA-02,CA,2,361247,248859,84824,360504,260217,91890,420995,309298,101383,390175,276255,100623,759984,496385,152131,19220,51369,44275,4966,615534,421239,108344,15737,38353,32791,3631
CA-03,CA,3,341577,146888,169967,356632,163366,185352,434997,210757,213412,428561,201602,213419,760312,516077,113853,20147,81533,29699,5896,599381,424872,78518,15496,57119,21360,4034
CA-04,CA,4,316610,201788,92597,314193,206500,100708,375002,251761,114151,352389,225957,115418,760777,390413,242271,31365,76831,33105,7245,610652,337288,170244,24952,59485,24872,5212
CA-05,CA,5,318868,120278,179401,327457,129901,191753,396718,162545,225521,378447,143710,225296,759549,447462,206609,22023,56189,35735,6532,601811,375300,143910,17884,40971,26615,4989
CA-06,CA,6,275121,142288,114088,284475,150901,127255,359869,195688,155175,329774,170425,148564,759926,357643,157976,78243,148788,27474,12651,577923,293211,105824,53905,108908,20599,9012
CA-07,CA,7,240518,170501,54876,248845,178937,64877,312239,225786,78695,279943,190759,78740,759318,238007,218562,114658,171933,28662,18204,581752,205489,151738,82576,127665,21893,13566
CA-08,CA,8,268398,200062,53770,266641,200145,61663,334957,252682,75143,298105,208959,79434,760076,201695,253636,129944,169409,27033,12299,592190,174732,176970,97578,134339,20583,8839
CA-09,CA,9,214887,119144,84078,215807,119657,92397,278972,158152,114801,254650,124056,122775,760067,203963,320846,73094,157891,29837,10161,560736,172141,214763,51537,114832,21312,7263
CA-10,CA,10,312950,202390,92072,318384,208399,103744,398207,271266,118722,367601,236968,118302,760058,347732,153304,58283,191377,19018,8141,582127,288236,106955,40653,136202,13990,5669
CA-11,CA,11,363018,312168,32212,350696,303735,40519,393762,339757,46194,361235,295536,50851,760064,328275,107151,52317,262480,14534,5696,665019,296891,87762,43761,227458,12883,4597
CA-12,CA,12,326746,286176,21413,320166,287150,26891,368583,329074,31865,319038,269604,34052,760114,250209,178948,139708,186374,22874,7920,621278,219255,131091,111639,152885,18973,5732
CA-13,CA,13,180686,99613,70639,179925,100725,75944,232357,129903,97136,215138,102790,106561,759792,170311,488307,34379,62073,38290,6002,540149,141578,322629,22496,44397,27233,4185
CA-14,CA,14,272767,192663,63921,267672,189967,72355,336165,241203,87899,291421,192118,88223,760074,197434,196548,53640,303510,20354,15464,593247,169449,140865,40190,232272,15626,11727
CA-15,CA,15,288327,222960,51520,287239,222325,60266,351189,273000,71546,305518,220558,74220,760096,216811,201776,28776,300715,16661,14187,609938,184086,150264,22341,241657,13111,10729
CA-16,CA,16,326598,243301,63697,322997,240320,76264,380012,287418,84332,342246,248672,81312,759740,330618,149615,23143,246981,15775,5809,599946,278434,107206,17062,187963,12431,4372
CA-17,CA,17,240286,177692,48954,236740,172382,59908,298665,216634,76088,261513,173661,76119,760118,153771,112126,20413,469205,12012,5737,602377,133640,82396,15278,365969,9098,4240
CA-18,CA,18,212934,152367,48213,211736,150628,57040,271734,192995,72822,240694,152670,80437,760421,143783,491520,23149,104022,35763,5553,571634,124987,342216,17174,83606,27839,4047
CA-19,CA,19,341745,229765,89714,342767,233653,101994,410234,284342,116644,372980,246367,113542,760093,357471,192524,26704,170448,23340,7032,610148,308673,137503,19701,131655,18491,5129
CA-20,CA,20,270482,82761,173047,275815,90823,180506,348670,122338,218695,329422,107138,214848,760585,382383,262980,34696,60985,35850,4011,569483,308549,175305,23586,43940,25435,2775
CA-21,CA,21,177151,102185,65226,178838,104041,71835,231055,136445,89636,203377,103893,94034,760242,145771,482059,47569,84417,34827,3075,536707,122443,319897,30515,58169,23240,2064
CA-22,CA,22,148649,83312,56809,142131,80800,58533,189866,107195,77965,172384,81172,86560,760166,117664,552895,46247,43729,35060,2799,543984,100189,372199,34587,31582,21855,2043
CA-23,CA,23,250053,97349,139022,243560,99065,140300,313854,134319,172392,288310,113007,167716,760046,312543,310129,78591,46669,33633,6304,569949,259155,209071,53395,35109,24459,4192
CA-24,CA,24,324453,190267,111673,320594,194196,119364,378486,237733,131733,351553,212450,128098,760085,382221,290892,19214,55384,30548,3999,611273,333204,205137,15632,44555,23425,2848
CA-25,CA,25,236355,135083,91032,234294,135145,95969,304702,177838,121623,291456,156767,128609,759631,240326,448679,32581,34135,32141,2963,595073,217637,319470,24526,25751,21545,1975
CA-26,CA,26,309042,171093,119644,306986,173477,127438,377136,221612,147591,344564,189994,144814,760063,316840,332173,23256,81781,27616,4549,587077,267571,233486,15951,61804,20499,3111
CA-27,CA,27,262376,135078,111607,264632,141225,118118,338080,185331,145280,308098,154744,144284,760029,254861,326120,92622,83573,27526,3906,571296,211672,226329,65286,62468,19992,2785
CA-28,CA,28,287569,189743,81335,289423,192545,91540,365962,246289,112442,325917,205949,109041,760077,200555,205816,37430,316642,17231,3075,619461,174349,155478,29386,258748,14001,2417
CA-29,CA,29,208701,160372,36974,201048,153161,43909,266361,194714,65714,225581,143515,74921,760090,137466,510180,38491,79008,29965,3016,588436,118070,377567,27834,63840,22205,1860
CA-30,CA,30,301424,221790,63360,300461,225463,69642,371613,267149,97558,331235,226615,93063,760079,411888,192099,35348,114733,17069,2939,647589,361385,153263,29565,97100,14415,2239
CA-31,CA,31,232583,157920,61413,228044,153665,69906,299936,198102,95735,257654,149653,100192,760287,94395,468712,27408,176085,28733,3221,597814,83554,349788,18981,145589,21830,2165
CA-32,CA,32,321392,225908,78552,319005,226192,87265,388858,271557,110138,350536,227413,112801,760056,410231,178484,48371,116067,15973,3164,625419,350125,135567,38343,94579,12382,2416
CA-33,CA,33,211102,130226,68992,207523,128082,75278,276711,170420,99838,247738,132563,107918,760082,142772,452309,94574,73553,30826,5257,556725,119978,311588,67436,55091,21399,3387
CA-34,CA,34,198257,166538,20369,197798,166591,27156,255111,206930,42209,215897,158563,47693,760079,87749,491238,46532,139753,30379,3063,613062,80636,371895,37723,122684,26681,1995
CA-35,CA,35,204410,131696,61472,202180,129175,69077,274280,173030,95177,243707,131405,105131,760645,112900,502409,56824,93319,31537,4310,577963,99391,361628,42046,73146,22734,2960
CA-36,CA,36,362271,249681,91386,361989,253379,101743,433815,306298,118735,395947,266322,117122,760089,443395,117166,36895,150835,14028,4346,631503,382928,89794,28596,119496,11197,3341
CA-37,CA,37,241841,213636,17570,234911,207392,23874,288178,248682,34145,243547,194197,41616,760054,109610,394782,188611,70038,26562,2885,596325,96995,287924,152939,57956,21820,1918
CA-38,CA,38,265033,169978,79968,262059,167227,89745,340234,215687,117543,297675,166402,122013,759679,113201,466250,24695,159361,28816,3975,598835,99631,350623,16877,130195,21670,2838
CA-39,CA,39,206517,126775,67519,202014,124456,73530,267115,165632,95654,237015,126411,103317,760019,148297,472614,81760,58510,31715,5598,560768,125586,327747,58468,44751,21662,3779
CA-40,CA,40,291726,144297,130916,302929,154284,142926,380498,205274,167539,354315,177031,163570,761016,305544,151021,23364,275163,14320,4233,598901,256829,110584,17267,207720,10483,3006
CA-41,CA,41,235914,102753,121030,242692,109438,129175,328667,154820,167465,319381,135722,174352,760487,266696,337001,64639,87291,29288,6546,568836,219160,230869,46064,64547,20624,4513
CA-42,CA,42,237048,170620,51916,230137,166286,58762,291715,208841,75887,250424,162075,79723,760018,142262,481145,64601,74526,30602,5668,586295,125565,351255,47568,58578,23118,4069
CA-43,CA,43,223632,169991,41562,215345,161703,49279,280096,204527,68845,237632,153814,76165,759443,87250,485243,89003,99151,30355,10255,581427,77977,353369,66152,80301,23150,7733
CA-44,CA,44,228882,192645,26207,220472,183668,33130,280055,226823,47231,232945,171173,54484,759859,52717,416684,215651,78177,26721,6131,572074,45563,296457,167504,62503,19519,4446
CA-45,CA,45,260946,145932,100504,265722,143113,117640,343777,182129,155008,308849,154044,145767,759906,171700,245756,24159,315759,18835,6530,603506,149561,176919,17190,254601,14017,4845
CA-46,CA,46,199240,129217,58070,196442,126088,66345,256688,163474,87564,223328,127567,88735,759477,128708,491640,23886,117549,32094,5621,578964,113630,350950,15740,94793,25278,3804
CA-47,CA,47,361711,166821,173552,369701,177422,185043,447259,225483,212521,412433,195980,204144,759375,462196,152746,17362,114194,17220,5458,621233,395169,111348,12627,89833,13126,3886
CA-48,CA,48,296910,108274,171869,299285,116364,177100,381304,158015,214818,360187,141971,209468,760244,417681,207097,43986,72466,31507,7975,579218,338828,141513,30304,52238,22323,5451
CA-49,CA,49,319806,155718,144420,330349,168426,155095,402264,215952,177198,382827,198118,174103,760962,433267,218306,27962,68142,23016,8174,599073,360952,154484,19959,50681,17615,5800
CA-50,CA,50,307167,163781,124629,313065,173462,133019,383390,225622,148930,360007,206070,142672,759644,346842,195792,37514,171663,19835,7079,586686,287859,135382,26411,128488,14070,5012
CA-51,CA,51,316562,212348,83424,316171,219269,89842,384596,272782,102431,347261,237552,97832,760302,386335,177125,53394,131834,18906,6380,640274,343567,136289,41195,108302,14579,4952
CA-52,CA,52,250658,171175,66310,240525,160828,75179,315175,207614,100988,280707,162838,110713,760066,114129,454225,72035,127570,28388,9327,580352,99137,329004,53513,99838,19030,6731
CO-01,CO,1,334973,246634,63455,346104,264460,69088,397329,315919,72380,366354,280662,75479,721714,392965,200616,77809,39732,25596,2965,586410,344786,143369,56656,30722,19566,2094
CO-02,CO,2,398721,241327,122678,401827,259525,125337,448136,305372,131269,436456,296181,127903,721714,550625,100599,13471,37029,18298,2010,585088,461323,70133,9506,28018,13638,1463
CO-03,CO,3,355795,142649,184786,358355,159440,184298,411591,189713,212040,405929,184572,210979,721714,484685,183362,12720,11494,37217,2178,569632,401564,128039,8342,8072,27070,1450
CO-04,CO,4,337083,96621,212488,346036,111278,220584,402276,137283,254151,419249,142220,266546,721714,498169,166685,18227,17780,26130,2419,544961,395686,109340,11612,11670,18549,1527
CO-05,CO,5,315125,109854,174332,316982,126154,174550,369655,161340,194706,367547,163769,193460,721714,476802,128630,61996,35573,28417,6439,561640,390535,86314,42381,25080,20320,4068
CO-06,CO,6,327023,172685,126105,331244,187805,129998,378362,231251,137136,354769,208535,135783,721714,394529,162118,94999,59143,23239,4007,550803,323050,108869,65351,42537,16758,2698
CO-07,CO,7,392714,170466,187602,407520,192687,198355,467492,242200,213044,469408,242531,214292,721715,551221,89944,17097,44323,19955,2246,558829,440265,61668,11328,30513,14412,1465
CO-08,CO,8,318813,158634,131038,326679,177700,133709,382139,221274,149881,373033,209691,152999,721715,411667,231436,21860,40710,28935,2450,552213,338455,156464,13925,29226,20911,1585
CT-01,CT,1,316150,199320,102770,292634,186693,98146,346877,231576,110027,329538,210760,112942,721812,380859,149357,140940,54093,11410,1214,571258,323763,104198,103369,38928,8351,873
CT-02,CT,2,353297,174613,158397,331649,175797,145755,391309,215709,167630,387678,206989,173937,721104,557087,68010,47006,34942,16739,1674,586662,468735,45973,33025,26651,12233,1119
CT-03,CT,3,307560,178201,118005,285643,171819,108412,337452,206667,126475,320083,185491,128143,720793,400403,152986,129545,40100,12469,1260,575338,344029,104791,94230,30474,9295,954
CT-04,CT,4,311056,190522,108035,289460,179338,105384,348370,229719,113931,331337,204485,121697,720303,393568,163744,110713,47571,9762,1001,555890,319134,115821,81767,33819,7005,762
CT-05,CT,5,356592,154761,185902,333988,156435,170223,399619,197039,196545,390135,184210,200079,721932,547315,89196,39212,28987,10530,822,580079,458132,59912,26809,20852,7813,586
DE-01,DE,1,441052,235154,185062,440514,258570,172762,504010,296268,200603,510775,288933,214262,989948,579851,104290,244944,50969,21392,1547,783543,489226,67906,178357,37878,15627,1057
FL-01,FL,1,367375,103976,243378,345205,103222,233054,423348,139179,275668,422607,130005,286352,769397,533950,59492,116758,35310,25425,3526,605668,436980,40543,82044,25681,19275,2301
FL-02,FL,2,381156,159998,205007,354157,154849,192417,411902,180647,225858,413427,166418,241229,770082,487657,54342,188611,23114,18728,1750,620063,406310,39784,142962,17237,14514,1140
FL-03,FL,3,346664,137533,194914,329287,135445,187491,391163,161957,224335,394842,149831,239805,768920,507542,83344,133568,30359,15979,1325,622085,426968,61630,97350,23878,12345,963
FL-04,FL,4,386999,113925,255631,380836,118108,255259,469717,161617,301407,501773,164323,330226,769762,564400,69939,77777,41594,16834,2502,598628,454774,47554,53786,28932,12354,1626
FL-05,FL,5,320935,167061,140475,303134,160526,136513,359425,199788,153867,336116,178053,152556,769223,334742,90167,292773,46075,14964,2267,599753,282508,64470,210946,34890,11503,1643
FL-06,FL,6,362572,135365,213327,349055,133594,208509,427535,164608,258227,442285,155807,281608,768454,550522,85023,98042,19471,16528,1450,633708,475260,59480,70051,15046,12949,1051
FL-07,FL,7,357652,181382,156138,339619,176261,155163,405605,220252,179265,388697,197391,184436,769119,411050,201549,102182,52714,15000,1997,618655,347307,151743,75552,40110,11466,1435
FL-08,FL,8,393291,151254,222362,375925,150429,216371,450754,185828,258717,451905,173905,271606,770087,534007,109499,85915,26934,17961,1983,629152,456108,79610,60515,20145,13811,1419
FL-09,FL,9,294355,176393,104980,277626,160737,111014,353937,203418,146152,345030,174848,164861,769782,239254,391578,105849,42611,14780,2406,592018,196644,291488,76792,31919,11276,1767
FL-10,FL,10,277463,169291,96414,266936,162549,99210,334091,207737,122243,313814,179504,129107,768597,263529,206087,234455,49911,12943,2229,588726,217715,151332,168740,38038,9874,1674
FL-11,FL,11,384695,128103,243818,376517,128013,241041,460647,162050,294531,498770,164836,329098,768653,566222,101512,68464,17772,15494,1442,650076,499909,73856,49573,13597,12239,998
FL-12,FL,12,371560,140270,214456,356742,140450,207821,441861,177178,259119,444384,165460,273004,768462,559835,113090,50434,31808,15674,1530,617866,469284,79526,34381,22716,11923,1044
FL-13,FL,13,387054,189286,178334,367745,185564,173291,437972,224429,207543,402869,194916,202050,768655,530051,85298,102777,36594,15021,1707,650677,471447,63219,74500,28522,11938,1190
FL-14,FL,14,321526,185204,120265,302437,173320,122428,363927,211002,147520,325132,167308,151977,768360,318660,244678,159308,48936,13024,1904,613428,272549,187115,115858,37422,10082,1334
FL-15,FL,15,307000,133106,159085,295487,132081,156455,373743,173176,195083,370798,159449,205334,769568,398140,191861,137453,39333,17506,1737,589415,327493,133259,95254,28084,13060,1226
FL-17,FL,17,370378,137404,220448,358215,133778,217999,441974,171340,266963,450413,155131,290778,769138,576714,110780,53240,15519,12641,1042,655071,514754,79560,37375,11797,9875,781
FL-16,FL,16,367392,154502,197771,360599,154709,198735,440189,195438,240067,461058,188327,267192,770030,533817,132603,69250,22286,13154,1240,637617,470828,91120,47844,16936,10107,847
FL-18,FL,18,300718,112687,176434,285624,108004,171629,359345,138554,216718,367577,130314,233288,768742,431499,201421,112225,16653,16758,1382,603359,365588,138313,79411,12567,12598,1007
FL-19,FL,19,326514,119795,196153,319856,113399,201619,398782,153869,241756,414489,141639,268228,769032,464867,212894,66668,17185,11542,973,632357,414761,151762,45709,12989,8545,660
FL-20,FL,20,303540,224886,71605,284367,212452,68579,345045,252431,89966,311918,208235,99841,768593,187136,178956,366271,31356,8302,1465,594198,160214,135647,267952,24053,6365,1169
FL-21,FL,21,374440,151138,210157,364204,153815,204650,445458,189509,251841,462854,182139,275610,769985,504101,128496,107834,18109,13942,1343,630732,440566,89559,76520,13472,10536,965
FL-22,FL,22,312830,177213,125948,299328,169754,125373,365499,204865,157405,354015,175514,173957,769312,334464,229079,175500,29283,14866,1478,609036,291356,166741,125998,22266,10778,1154
FL-23,FL,23,378253,208831,159384,363926,202353,156920,437849,242768,191874,419057,208161,206080,769214,485077,125985,106752,29401,7950,1089,646981,431257,95990,78558,22553,6100,808
FL-24,FL,24,289265,241173,41557,267685,220074,44415,322802,250889,69402,283758,194800,85691,768611,86521,291833,390520,18174,8239,1103,601677,71013,232462,296591,14505,6389,902
FL-25,FL,25,349804,208079,130949,328013,194021,129226,402558,230562,168864,374847,188674,181360,769774,344377,284350,93170,42576,9376,1391,624210,294206,221622,70153,32397,7318,1047
FL-26,FL,26,273897,152691,113541,249719,120851,125432,325226,140903,182336,308963,106795,199496,769013,58363,650157,52154,20141,4959,594,627685,39692,541586,41308,15515,3907,471
FL-27,FL,27,303967,186374,107326,286116,164108,117738,355710,194906,157973,335608,157627,173619,770140,176446,505020,69807,22549,7868,808,636913,146873,418078,56426,18555,6336,660
FL-28,FL,28,286122,158055,118029,266365,133871,128303,344805,158145,184031,338460,123628,211737,769482,117560,558207,86195,17237,9027,791,609478,94336,445636,62758,13539,6957,591
GA-01,GA,1,270525,116453,146062,281941,122761,154317,334885,151592,178452,362134,160069,199975,765246,426579,58548,244912,24547,15896,2787,591570,346902,39080,177590,18392,11682,1790
GA-02,GA,2,281169,152575,123277,280959,152427,125580,316409,175769,137768,313623,170590,141760,765483,300704,45194,400045,14355,11932,1912,588186,248136,29984,294263,10524,8857,1262
GA-03,GA,3,314616,95969,210426,328700,102841,220962,383484,127012,252114,421744,139350,280171,765121,494877,37892,197738,21241,15254,1192,588050,392814,24648,144472,15150,11428,773
GA-04,GA,4,278092,211739,58073,291850,224638,62306,332780,263832,65290,326811,253269,70128,765047,169176,135225,396279,65836,15514,1127,581116,142298,89700,299671,48958,11233,803
GA-05,GA,5,303250,248728,44211,318896,260156,53052,363134,304807,54006,368530,307802,57036,766015,262145,60073,397853,44130,11388,1087,620804,227069,43597,310790,36775,8808,877
GA-06,GA,6,346117,144380,185300,363344,160761,193609,422147,211815,203781,428780,213533,209716,765252,454071,77925,116552,104101,12867,1134,587223,363658,53366,86200,73748,9352,792
GA-07,GA,7,270489,128305,131250,289022,147480,134877,345155,191349,148883,351821,193510,153934,764730,278729,156961,207335,120466,15828,1333,569786,224699,105330,145348,91515,11255,878
GA-08,GA,8,264467,75733,184256,267946,75089,190375,310477,91669,216223,319286,87982,230359,764185,463038,60274,222456,9283,12816,1069,582958,368232,39416,161057,6670,9567,737
GA-09,GA,9,288810,57850,222495,306686,64785,236345,369381,85600,279092,423045,99404,321349,764579,552769,98801,77813,17970,19372,945,589546,445206,62676,54977,12869,14401,600
GA-10,GA,10,293026,198856,85169,307945,215645,86749,355543,258069,93044,364827,266618,95283,765833,206642,105646,422029,27301,14495,1132,587199,176625,69862,314360,20938,10821,771
GA-11,GA,11,301050,70849,218446,324532,86400,230345,395877,120165,269620,438372,137409,297502,765666,533040,77311,86859,50766,18333,1056,570346,414963,49711,59312,32509,13268,701
GA-12,GA,12,302038,145704,147648,312119,151694,155455,358145,181677,171767,368270,181570,184366,765591,397015,48425,284061,26913,13534,2058,598164,327263,32961,209147,20439,10151,1339
GA-13,GA,13,306573,174534,124404,323030,194166,124020,373538,235470,134059,387756,253765,131497,765016,243993,70186,419574,28736,13923,1336,576033,200474,45366,305339,21005,10162,853
GA-14,GA,14,272151,56288,208087,280544,59465,216224,337527,75681,257738,375067,83146,290041,764144,579378,90996,64640,9999,22889,852,589293,463994,57221,45460,7092,16900,552
HI-01,HI,1,208431,131565,63534,208445,138600,63745,279671,178661,96350,248838,153038,91497,726395,107302,56401,26105,495204,16141,153851,585659,94213,38697,18240,398963,10962,104993
HI-02,HI,2,220506,135326,65313,222658,145579,68446,294798,187469,100514,267863,160006,102164,728876,207063,82522,20678,328939,25387,240251,570246,181411,54410,13744,247592,17167,159458
IA-01,IA,1,396571,196183,170213,382978,196918,172860,427911,227777,190556,419810,212803,199015,796658,643548,45902,65133,26386,14035,1584,617853,517321,29727,39097,19065,9961,1048
IA-02,IA,2,400346,158430,215393,383095,155592,215768,421638,172990,240810,408158,155707,245689,798168,689674,43837,33441,14032,13353,3303,616624,547722,26532,20298,9631,9218,1925
IA-03,IA,3,375444,181412,163023,378443,191714,173633,426862,225749,191500,432355,219103,205330,797380,621758,62663,53598,44030,13085,2509,606583,491748,39425,32659,30857,9217,2036
IA-04,IA,4,393670,117644,252354,375572,117526,247074,414460,132545,274806,403183,119665,276985,798163,683221,63584,20816,12413,15485,2677,609043,536978,38420,12082,8397,10321,1619
ID-01,ID,1,356181,84550,221971,357738,99809,241644,437008,122320,301780,453333,115612,325058,919515,753153,100863,8891,15951,36519,3925,688670,579050,63963,5287,10859,25101,2399
ID-02,ID,2,334243,105212,187087,352896,130268,207621,430273,164701,252339,451728,159347,280192,919591,697370,138544,18754,31562,29033,5368,687730,542416,87737,10760,21503,20424,3327
IL-01,IL,1,341710,253996,71902,319085,227853,75791,348674,257381,86131,306427,208537,90212,752963,253150,127483,344357,27812,13351,815,582280,205601,85896,268972,20356,9598,608
IL-02,IL,2,330602,263018,55668,303212,237766,51690,331335,265094,62024,291914,221117,66005,753055,166612,162360,416199,9108,15150,839,577150,145245,109593,314143,6657,10930,631
IL-03,IL,3,256188,181141,59732,245952,171822,62321,285284,201831,77927,256859,165764,84074,754480,272633,372240,51268,61060,29035,1483,589107,236194,267797,36530,47925,21490,1100
IL-04,IL,4,219865,166090,42274,203597,151181,42508,233993,174112,55664,203807,131621,67801,753208,148577,500921,56568,50382,37135,945,570725,129917,357636,43330,40355,27385,702
IL-05,IL,5,330945,187796,120991,323982,178858,131333,375920,220367,149380,350586,194176,148446,753001,494846,100080,22638,129987,10270,804,595777,406052,70067,16138,98376,7415,618
IL-06,IL,6,334511,189753,117620,331597,185902,130111,375932,233734,134010,353674,208421,131256,754148,427019,148058,64909,107220,14384,939,574557,346388,99588,46400,75740,10095,622
IL-07,IL,7,329259,285215,28645,310195,258037,38276,338533,295473,37679,297046,249359,41726,753124,254197,88385,342312,68557,10309,1075,621984,230051,65347,265676,58854,7880,807
IL-08,IL,8,328636,162441,144687,327605,162135,150747,384072,204916,171673,367581,186041,173794,753107,493945,132658,31533,86607,14543,888,578917,399022,88376,20392,63867,10162,631
IL-09,IL,9,359757,287606,48911,353752,276093,64875,392597,326010,59754,363636,295149,60267,753260,464883,95287,82482,104245,12242,1229,621789,396360,72676,64467,82020,9318,949
IL-10,IL,10,308708,168950,116575,299155,160757,125496,340910,202073,132055,317962,181301,128300,754238,417998,190003,60181,78832,18387,1465,577387,343087,128340,42212,56542,13000,1028
IL-11,IL,11,339941,155427,162908,331404,157291,157759,386463,190020,189865,371828,169363,190814,754164,540700,112106,56565,36074,12227,646,576132,429336,74355,39544,25361,8549,448
IL-12,IL,12,364096,147386,193648,343222,154829,173729,379696,164618,207017,365418,156830,199855,753533,554354,31502,132873,15456,17548,1197,588850,447643,20635,93845,11146,13119,776
IL-13,IL,13,354205,155882,169885,339501,153479,168506,372793,181169,182249,357584,173512,174412,753983,548225,37185,109125,45129,14079,1009,596623,450005,25629,72684,36498,10453,670
IL-14,IL,14,330370,140809,164858,316399,138214,161465,361172,167808,185275,353585,159769,185681,754203,540531,107707,70757,20057,17471,793,584137,442498,69294,45320,14295,12500,521
IL-15,IL,15,365419,85463,261027,339272,94653,229997,383135,92580,283705,370847,86007,277792,754425,683277,18377,27313,6731,15166,974,592319,541659,12488,19067,4608,11288,646
IL-16,IL,16,348248,148150,174525,328343,145759,167186,366434,166514,191676,353027,155509,188798,753813,588570,54883,76408,19221,14662,1027,589429,478858,35825,49140,13328,10833,724
IL-17,IL,17,347465,111606,212159,329961,111899,201564,376495,128215,240807,367843,120387,239846,753803,623234,58175,46725,9010,15026,714,582306,495632,36770,30521,6261,10923,468
IN-07,IN,7,254036,146394,92219,249586,153295,88147,268365,167002,96378,241401,147180,90374,753271,352904,108867,242650,39274,16296,1185,562447,291677,67892,168119,26223,12038,833
IN-02,IN,2,284103,98772,167502,278961,110003,160248,306458,116568,184308,296201,106670,184937,754079,573765,86926,61854,15128,16640,985,566790,449792,53861,39104,10875,11870,628
IN-03,IN,3,297484,91215,188537,297034,104396,182610,332341,115069,210150,324562,110893,208178,753106,601434,49957,61798,24634,14995,926,567046,468696,30608,39726,15919,10763,631
IN-04,IN,4,299808,109769,171549,297182,125615,161209,328149,129917,191521,313633,121377,186677,754738,627648,38683,36621,33653,15037,3691,600511,506745,26117,24956,28301,11367,3369
IN-05,IN,5,348467,150709,172203,358748,169053,178559,408794,209067,191355,397781,204986,185386,753994,558660,47607,88554,45560,12239,1115,567277,434461,30116,61231,31058,8699,699
IN-09,IN,9,315555,90108,205645,308390,104317,192412,335670,105004,223682,330136,101377,222958,754902,641719,37687,48082,9184,16344,858,589231,512830,23424,32307,6445,12226,535
IN-01,IN,1,312405,165789,128425,306558,173296,125357,339911,181654,152755,326175,161424,159629,753169,446475,125141,156816,14893,16966,807,579801,365970,83271,109942,10673,12242,534
IN-06,IN,6,319267,75485,225376,315317,88929,216120,354387,93105,254198,352652,91114,255489,754859,671041,30219,16118,19009,15774,883,578442,524022,18022,9264,13014,11740,529
IN-08,IN,8,329403,104914,205784,325440,123042,193178,357181,125112,225510,351221,118651,226712,753410,647358,29104,47524,11314,15152,1565,581034,511457,17618,30431,7711,11279,933
KS-01,KS,1,300985,63257,219168,292060,69940,210448,330307,78055,245750,314935,71974,237412,733679,570217,106163,21641,10117,27670,1717,556057,450126,66277,13449,6874,19154,1055
KS-02,KS,2,290123,116172,149298,295758,130492,150898,338112,152903,176443,332858,147210,179057,735181,556655,69265,59069,21979,31830,2607,566575,443740,44878,39376,16145,22356,1659
KS-03,KS,3,325655,154573,142656,333131,172930,144720,381724,212730,161243,370731,205732,158575,734046,487632,105924,74790,48425,19116,1576,553179,387247,67488,51232,33379,13672,984
KS-04,KS,4,276922,93003,159896,278213,105726,158226,322160,126635,187970,309067,119937,183758,734974,508071,101251,67775,31674,32689,1990,553505,402869,62943,44116,22536,22715,1270
KY-01,KY,1,314341,88001,212472,291022,100410,185334,339636,105072,229043,328224,94023,229695,751482,609084,33225,75650,16219,15527,1894,579331,483769,20458,50984,10552,11736,1172
KY-02,KY,2,320587,77126,230204,305073,94370,204825,362431,93941,262766,363556,86589,271960,750951,656886,24980,41104,9172,16570,1519,574421,511166,15129,27242,6134,12523,959
KY-03,KY,3,337818,185592,134586,322369,195058,121386,366996,220404,139703,334154,194688,133321,751872,465718,57907,184741,30961,14627,1438,590842,388118,40369,129978,22005,11085,991
KY-04,KY,4,318972,92854,209097,302168,107643,188113,362328,118045,237869,358979,111327,241629,750875,658238,27301,34919,11327,15644,1313,574691,514352,16542,21747,7718,11457,865
KY-05,KY,5,304612,52384,243388,279025,70554,204415,330257,59979,266272,320514,51161,265533,750058,703634,12436,14735,4122,13390,559,583475,549933,7934,10705,2908,10485,337
KY-06,KY,6,327045,132890,173210,323134,155153,160753,373788,175033,190993,369100,166255,195353,750598,571204,52005,84910,26962,15448,1726,581140,458207,32643,58535,19290,11614,1427
LA-01,LA,1,344142,97748,233622,305801,88037,210760,367605,110743,250799,340041,102130,232533,776394,481077,82988,166406,23695,26536,922,597288,389424,57354,116757,17234,18243,618
LA-02,LA,2,332354,223640,96579,289962,193854,89682,357927,246777,105121,323217,216781,99664,775856,268481,77950,400971,27073,12914,972,605044,227486,55286,298526,21318,9888,717
LA-03,LA,3,328539,74150,242667,291755,65788,220154,343959,81325,256647,330645,75043,251099,776226,546943,42155,153247,17366,16784,1416,585916,425632,28786,106423,12409,12137,943
LA-04,LA,4,346026,119940,216531,301715,102019,194916,355713,125097,225372,330165,109485,216790,776694,442694,33808,269400,12064,20090,1188,597120,353823,23695,195893,8769,15028,757
LA-05,LA,5,334853,186447,138714,296641,161053,129912,351740,198665,147106,315291,169694,140527,775505,307562,33222,413722,13807,10737,763,595060,253986,23719,300582,10763,7894,544
LA-06,LA,6,343118,78229,250525,309805,76730,226370,371118,93427,270731,367616,93737,267892,777082,549945,52426,139373,17831,16067,839,590120,431759,34822,97588,12454,11715,581
MA-09,MA,9,423717,224995,168638,403821,215548,179821,471472,285724,175347,463206,264581,187653,780703,628973,29121,37480,56425,9757,994,642714,529995,20412,26673,43368,7200,759
MA-02,MA,2,351762,173296,148213,325727,163571,153046,389791,216716,162656,381020,196952,174304,780921,563642,105988,60954,35162,12889,1203,623199,469841,72386,41586,26458,9556,860
MA-03,MA,3,399514,226141,142293,374297,213721,151503,438628,280796,147360,419170,255571,152344,780706,564832,58024,38027,96180,7394,898,615621,462342,39799,26069,69193,5492,657
MA-04,MA,4,358414,175745,156504,327822,163398,156870,399096,215050,174902,397735,194175,194731,780874,621248,61123,54548,23371,10961,1033,623136,513440,39591,36719,16650,7827,731
MA-05,MA,5,367286,278649,66400,345673,260490,78525,391080,315060,68092,361930,278316,70370,781758,478767,73761,66156,140904,7274,1082,646026,410993,54947,50867,111024,5508,847
MA-06,MA,6,370665,213901,131129,343225,197597,138001,404407,256141,139510,386110,226702,149985,781922,516384,181340,53105,31064,11681,1268,619571,432641,126047,37592,22557,8497,913
MA-07,MA,7,303453,239484,47469,276827,212390,59356,324840,263272,55444,288970,215668,63162,780562,340064,177003,180558,89141,11300,1491,655983,309356,131082,138468,78634,8842,1224
MA-08,MA,8,380745,237181,115340,358016,220303,129859,420169,291818,118839,399101,262171,125380,780729,499366,59806,110528,77585,8125,926,603747,402890,40727,80013,54573,5953,698
MA-01,MA,1,369195,225658,114772,335227,207582,119475,391676,257466,124969,376426,232382,133374,781742,535621,141519,68510,32652,14659,1541,633726,457487,96517,48326,25663,11061,1096
MD-01,MD,1,381809,136466,222826,350446,129565,210471,415857,173007,231942,428740,172628,243859,772166,561668,43013,128126,24193,15566,1341,608322,459496,27352,92404,17040,11580,912
MD-02,MD,2,351940,196439,133748,326024,182066,133339,377467,236840,131030,376356,230180,133404,772732,410345,56461,210687,85214,13401,1079,598679,340470,36655,152430,61157,10333,751
MD-03,MD,3,370314,160211,184446,343188,152424,179341,411555,210145,189674,422103,210901,197423,771392,522056,60602,135031,38492,17645,1958,594384,419153,38740,97019,26995,13091,1303
MD-04,MD,4,329674,260897,51306,320134,251139,60617,391371,325857,56600,383346,305448,64398,771474,202483,116258,368099,84652,13499,1391,601746,172157,79771,284798,64712,11367,1025
MD-05,MD,5,306677,266151,30337,276002,235447,35077,323033,282783,33815,307624,259756,38966,771711,93701,169497,472878,36369,17562,1477,597094,82139,114489,372663,29367,15860,1132
MD-06,MD,6,370186,136750,207779,339231,132383,195774,406319,180787,213920,427293,186856,226822,772301,573993,60713,77965,45901,15312,1273,604271,464970,39510,57264,31236,11245,818
MD-07,MD,7,313413,255147,42666,279453,223544,47962,322539,271285,44437,314463,255502,48194,771870,218649,60285,442411,43569,11841,1039,613637,190055,41082,342771,36080,9939,831
MD-08,MD,8,357433,265867,70061,332142,241934,80667,388887,304319,74993,378409,281306,82484,771757,330368,162844,129162,144454,11918,1471,597069,272920,114663,93640,109972,10218,1077
ME-01,ME,1,383384,206661,150352,390277,209685,158671,431193,259131,159772,438435,262942,165500,681816,609910,14913,20781,16323,13400,818,557754,507666,10134,13068,11472,10118,588
ME-02,ME,2,364551,151074,185241,353170,144606,187550,388176,175939,200995,392940,172710,212477,680543,618354,11696,15523,9150,20102,801,552331,509838,7522,8892,6539,14687,560
MI-01,MI,1,401079,142954,236371,400854,159758,230204,465110,182980,274976,485804,187848,290861,775375,693536,15847,12086,7680,40338,1098,633080,575217,10255,8525,5386,28298,678
MI-02,MI,2,348160,114631,212775,348630,125889,211503,415458,145649,262581,442283,151444,284233,774804,680473,36113,22765,7725,22277,806,606254,540586,23223,16655,5151,15858,478
MI-03,MI,3,355280,166571,166321,356946,179097,166492,416719,221733,186886,427629,226603,193853,775489,543997,82815,105263,29890,17976,1058,597493,442116,52686,69998,20944,12622,675
MI-04,MI,4,360411,152485,186625,357061,161143,185027,417546,196710,213174,433918,201639,225611,774600,581638,66314,82080,25242,19716,967,593972,465772,41861,53347,17493,13886,642
MI-05,MI,5,347875,120334,208566,338966,127920,200954,405858,150373,248444,422372,151101,265208,774544,654497,40121,44448,10674,20861,708,606306,525147,25025,29565,7358,15067,474
MI-06,MI,6,388821,226479,144246,391070,240348,141783,454041,285108,162961,461665,278693,170773,775225,534485,38623,93777,91264,14895,1020,619657,441507,27081,68908,68407,11208,734
MI-07,MI,7,387134,175538,189050,387746,191884,185083,448463,223376,217360,463450,226109,229909,776011,620002,43783,61189,31299,18218,1031,612341,502355,29068,41597,23087,13412,728
MI-08,MI,8,380136,183167,177836,367731,188014,169292,428028,215399,206137,432688,209119,217386,774929,568719,41479,132384,12515,19091,798,605980,461861,26888,91847,8970,14100,494
MI-09,MI,9,398903,123712,254893,397436,141353,245504,471294,164276,300149,489893,164776,318382,775230,685593,30480,19776,16276,16789,562,610502,549780,19485,12573,11115,12177,381
MI-10,MI,10,362549,160401,186473,354203,173030,172077,426166,202359,218185,437957,193479,235917,775773,571423,22192,120968,43569,14641,772,618016,472835,14876,84476,31876,10830,519
MI-11,MI,11,400819,221896,160078,399963,234644,156002,461323,277743,177596,458096,265332,182755,774438,519607,41837,112393,86987,12220,692,622156,434296,28206,83873,64491,9086,499
MI-12,MI,12,348166,250125,85669,332755,244906,80408,387387,285421,97504,372561,247356,106968,775247,356248,25253,363437,20578,12651,730,596111,282914,17013,272419,15570,9492,504
MI-13,MI,13,310993,230545,70638,290572,216534,67011,340833,252919,83911,334915,232935,94494,775666,285433,79565,373556,28229,16785,1013,592734,234410,51978,277723,20592,12435,697
MN-01,MN,1,362586,143749,185853,347507,159772,169838,400751,181778,209420,404620,178292,217395,714056,595767,42566,34633,26146,11237,1224,549867,474084,26538,20123,18066,7586,811
MN-02,MN,2,369665,178839,156706,365200,195611,149820,420792,238098,172339,418880,234860,173393,713612,511689,57637,68670,59915,14680,1202,539002,409328,36295,40291,40961,9831,778
MN-03,MN,3,377534,184181,159217,373541,199918,154644,430099,244800,175119,423874,239365,172738,714252,513810,38667,79901,67478,12989,960,540005,411638,24196,48541,44666,8823,628
MN-04,MN,4,362612,221833,108506,352760,228979,104386,398117,269385,119436,378876,251944,116889,713088,443628,52716,96469,107731,16532,1327,550284,373684,34295,61009,70125,11408,894
MN-05,MN,5,368981,270322,67060,366576,281217,66159,405175,324895,70840,377649,299751,66652,712812,437233,67913,135790,56060,21442,1231,572775,381022,46103,90424,41919,15244,903
MN-06,MN,6,366327,116458,218800,352813,131486,202537,417235,154885,252222,434697,157860,267598,713370,614569,22588,36968,20887,13254,926,533024,472412,13683,20697,13238,8779,579
MN-07,MN,7,361908,108196,225545,336306,121370,200492,390606,129227,253218,391225,123408,259998,712323,615220,50672,17525,10938,16416,1564,543877,485429,29852,9500,6884,10262,924
MN-08,MN,8,375200,144138,201264,359283,158033,183947,414396,174009,231471,424099,171499,244369,712981,621964,12881,13690,8549,51101,953,560199,501456,7805,8201,5672,32414,574
MO-01,MO,1,353007,261565,76538,346189,263638,73983,357700,277285,74716,316788,242849,68139,770041,315165,34705,374052,34996,13858,920,610047,273034,24098,275237,27890,10701,691
MO-02,MO,2,411525,173160,216680,417516,195633,210771,441285,216981,216730,431159,214368,208941,768812,629645,27483,43341,49142,14486,848,605613,508603,18334,29407,34652,10558,570
MO-03,MO,3,353557,112756,222071,360985,128876,220641,390733,137418,245380,401355,138123,257334,770114,644478,25816,55177,19191,20410,1343,591198,505558,16543,36314,13525,15009,868
MO-04,MO,4,336641,73288,248248,337941,82359,245334,365226,84534,274283,373516,83894,285562,768404,663013,32192,28622,11786,26995,2632,592009,518709,20772,18930,8454,19908,1664
MO-05,MO,5,318186,185554,115314,325415,200663,114294,350063,221103,121973,338195,208235,123955,770252,442692,86587,192315,27836,24392,4304,596949,366268,57197,135707,20330,18216,2689
MO-06,MO,6,352579,100742,233499,354638,113874,229625,387082,121367,258925,387446,119848,262782,770116,662297,31510,37586,11735,22499,2807,588928,517188,19602,23646,7783,16390,1665
MO-07,MO,7,332789,82273,234102,338819,94084,234247,365286,103326,255275,376304,105454,266222,768590,635930,47009,25611,16580,37382,4168,595507,506207,29540,15657,11350,27298,2656
MO-08,MO,8,343165,81730,248059,341366,93345,238594,367782,91000,271454,370564,87828,279051,768584,670687,17766,41919,8070,23413,848,595361,528075,11087,27309,5521,17671,523
MS-02,MS,2,319515,200197,114706,241114,155304,83931,329837,208504,117252,283092,171927,108143,740043,235461,16632,477727,6522,7031,512,571814,196008,11965,355646,4993,5383,347
MS-01,MS,1,303284,95820,201022,232925,80411,149948,335185,109929,220495,325638,98223,223141,740008,481384,28094,209457,9497,11760,714,569772,384039,17521,152172,6765,8923,465
MS-03,MS,3,317596,113815,197831,245776,95103,148276,344545,129473,210810,323166,113507,206543,741152,432623,23606,256624,11373,18165,641,567957,345664,14936,187334,8159,12196,447
MS-04,MS,4,268962,75299,187155,206527,65117,138712,304192,91492,208207,296111,83010,209917,740076,489609,36888,179805,17539,16773,1368,568056,389740,24215,127928,12800,12579,955
MT-01,MT,1,256696,107897,128735,298631,145583,146135,319585,150407,161237,323663,143291,170233,542132,459901,21713,5221,9162,41120,1430,433661,376310,15203,3151,6440,28089,977
MT-02,MT,2,237830,69812,150505,266526,95104,165212,284055,94379,182365,279300,88615,181846,542093,441417,23486,7516,7727,59458,1671,416462,351243,14705,4291,5115,38045,991
NC-01,NC,1,356082,199588,147802,371749,208776,157288,383711,210969,168890,376886,198333,174669,745774,334780,54837,336551,9109,17000,1133,589445,280328,35380,258178,6663,12662,776
NC-02,NC,2,350836,214431,117993,387704,247655,130548,410003,267986,134307,416730,268514,139785,745670,397807,92889,184558,63234,14633,1213,577470,326467,61454,136534,46317,10558,837
NC-03,NC,3,356230,122089,222969,386675,139160,240077,406263,145086,255967,422463,145862,271939,745067,494455,75889,147559,13485,17680,1407,584348,406563,47414,109591,9335,12904,1022
NC-04,NC,4,357974,230366,113445,386698,254447,124665,404310,267762,130780,412254,270105,135138,746158,397049,96853,202358,40427,17301,992,593787,334205,63199,156180,31722,12661,688
NC-05,NC,5,359945,101748,244461,393381,120648,263680,413920,124974,283713,427203,127525,294548,745670,588301,62855,64740,14744,17231,759,591731,482973,39867,46695,9977,12912,468
NC-06,NC,6,343369,206054,124023,364284,225234,131111,379251,236982,136736,380309,234012,139865,745671,335137,91129,274641,38065,17246,1199,581283,283206,57957,205973,27455,12481,820
NC-07,NC,7,322031,125365,184323,363703,149491,205173,390528,160492,223847,428525,169406,254134,745683,515128,70033,124842,16807,22323,2698,597833,429966,46854,93128,12029,16347,1826
NC-08,NC,8,336879,84057,241539,374791,102389,263870,397359,106340,285885,421585,113588,303181,745670,559477,69237,84172,15593,18577,799,581002,453083,43206,60365,10638,13670,536
NC-09,NC,9,292378,144137,138425,318854,159467,152388,337179,164909,167406,333596,155198,174346,745671,327986,79151,251351,21993,80744,4062,566251,265760,50964,183203,15481,57906,2509
NC-10,NC,10,333426,98805,223174,369943,117887,243870,392084,122653,264624,407262,127817,275271,745671,555258,56014,100581,16720,19113,906,589354,455676,35991,72422,11524,14253,610
NC-11,NC,11,378092,156107,203021,414519,187199,216722,436677,199161,230454,444168,205721,231267,745671,612613,57092,33416,11775,28864,2066,612812,517785,38480,24299,8580,21211,1435
NC-12,NC,12,289629,210182,66636,325679,240071,77020,347516,261546,79879,353327,257141,87359,745670,240565,138037,313942,50761,16197,1255,578584,208491,92543,235438,38476,11880,872
NC-13,NC,13,325902,151287,158220,379447,190086,179841,410418,210058,192833,444448,228566,207473,745672,470594,92178,113591,56287,17109,1450,556507,368770,57949,81949,37296,11915,915
NC-14,NC,14,338791,145100,176600,386610,180536,196472,415585,205374,203454,427626,211821,207966,745670,482998,82402,112251,56449,14261,1018,554692,376360,53053,79097,36912,9999,697
ND-01,ND,1,344360,93758,216794,337384,98083,225714,362024,115042,235751,368155,112327,246505,779094,636160,33412,34499,18675,55777,2086,596093,503153,21603,21444,13192,35031,1361
NE-01,NE,1,291674,56842,219890,266646,58022,203525,321555,70411,244749,312187,67040,241567,654454,536676,81781,12032,7323,17840,1127,497182,422278,50932,7179,5128,11451,721
NE-02,NE,2,264850,125051,124474,255097,123198,124683,309457,166045,137098,306993,164098,138707,652999,430951,90965,81701,37012,17602,1518,486986,343200,56039,52869,24881,11544,1020
NE-03,NE,3,271652,102601,151597,263261,106094,149782,320700,138127,174999,327979,138857,184542,654051,517060,61969,31040,24671,19818,1424,491959,403777,38326,18604,17335,12669,886
NH-01,NH,1,366715,172122,171065,382871,172104,200122,396064,210785,179086,402823,205094,191917,688311,577685,42754,21201,31254,10607,923,556628,479150,28504,13939,22681,8091,651
NH-02,NH,2,377581,176404,174725,394442,179138,203880,407769,214152,186574,423366,213394,203606,689218,622964,16700,11797,15607,14861,869,564052,516601,11296,7833,11141,11213,564
NJ-01,NJ,1,349128,211399,125916,304259,187717,110418,412496,258101,148948,379111,226411,145845,774243,463108,113795,144239,53431,13328,1413,603516,382747,74995,103651,39493,9459,994
NJ-02,NJ,2,335959,159128,165469,296345,144470,144907,401980,197131,199480,368395,165750,196073,773208,482558,132700,117160,37055,16762,1561,614496,404327,90300,86338,27887,12089,1059
NJ-03,NJ,3,331971,206525,113710,292448,183200,103230,386058,250672,130150,334851,205958,121716,773586,381547,118789,161958,108925,13171,1405,613700,321730,82957,125516,79995,9483,1024
NJ-04,NJ,4,347232,113424,223103,312990,110208,196501,428740,155502,267631,407983,132290,269162,773649,631184,78831,31051,21410,9959,682,591524,492797,52779,21304,15997,7216,467
NJ-05,NJ,5,377305,193405,172271,332186,176007,150091,446072,242955,197880,403660,194779,199519,773695,488649,122264,49263,113633,7201,984,608177,397432,87932,37342,84410,5255,763
NJ-06,NJ,6,358837,168693,178697,319137,154298,158219,429228,217660,206032,404460,181749,213117,773920,504654,104557,67394,88080,9288,954,615247,418657,72356,49741,65857,6791,712
NJ-07,NJ,7,394340,154130,224141,354648,146952,198634,472520,214079,250316,446380,188070,248238,772797,587673,79856,30017,64298,9480,739,618247,486414,55133,21253,46402,6857,527
NJ-08,NJ,8,220034,166559,47152,180375,136873,39790,243939,175959,65391,221445,139143,76063,774503,191112,394121,98599,96051,18014,1722,613319,163650,299056,74435,78990,13722,1352
NJ-09,NJ,9,252597,168126,78149,208124,138250,65732,291767,186755,102153,250715,130877,113214,772844,234004,344852,99926,105971,16901,1431,602357,196614,253485,75442,84653,12297,1041
NJ-10,NJ,10,254749,216793,33255,210379,178960,28268,279663,233933,43650,240997,182185,53914,773515,118304,175234,426641,59084,12355,1606,597588,100188,127874,324974,47585,9122,1234
NJ-11,NJ,11,375818,209601,153315,337110,192898,137875,443731,267792,170188,406814,228846,169079,773610,496024,112856,54588,104991,8277,876,599936,398310,80858,41420,75073,5868,634
NJ-12,NJ,12,276076,180495,86755,235273,153052,76843,313159,207796,101455,297598,173155,114360,773446,235741,223482,125556,193937,13129,1246,603203,203530,158274,96406,147536,9498,995
NM-01,NM,1,289454,149652,101484,299279,175322,111725,335617,202738,124732,328838,193249,127274,705720,271303,340690,32246,30240,53969,2366,557232,235813,249398,22150,22455,39309,1633
NM-02,NM,2,229615,86071,121290,232314,96226,128545,263793,106538,151845,266716,101700,159737,706236,266442,386329,23656,12478,32085,1854,535137,225157,269216,15861,9132,23500,1313
NM-03,NM,3,279250,149511,96893,289030,171829,107595,324555,192338,125317,327842,183852,136374,705566,235207,283792,12507,13279,177561,1792,546620,203092,208150,8411,9635,125668,1258
NV-01,NV,1,196587,131807,53695,180116,120105,50100,234661,155130,74265,240922,147468,88912,775737,167521,379929,167820,58474,25328,11954,572700,147152,256233,116763,46273,18748,7962
NV-02,NV,2,334082,130952,175498,326044,131969,175324,402220,173113,217542,421149,176271,235036,776598,488121,179702,24723,48329,38071,8343,611341,408257,120891,17182,36412,27555,5475
NV-03,NV,3,288922,138003,133559,284690,140025,130914,380253,190141,182692,407211,192872,207455,776850,368523,176892,85097,135017,20965,18639,610361,310528,123541,58987,103550,15729,12436
NV-04,NV,4,305794,138498,149306,298872,139359,145086,388242,185102,195391,415100,188417,219520,775429,401153,154383,96349,111716,21397,13597,618924,339714,108731,69898,87091,16047,8948
NY-01,NY,1,359108,149728,194920,325549,160480,159167,410122,192657,211567,409999,176921,228229,776970,546597,131840,53426,38848,12478,900,624041,457617,92080,39032,29619,9088,620
NY-02,NY,2,334850,148327,174170,297929,153289,139755,378893,181793,191984,372515,156539,211606,776404,438291,200273,83278,54649,13632,875,613791,367500,142174,62218,40936,9701,652
NY-03,NY,3,352098,188897,150563,316545,186098,125199,402605,227478,169870,388505,189190,192588,777693,440228,110936,41742,179878,7982,985,620632,367431,80183,32432,136141,5688,780
NY-04,NY,4,351963,191232,148383,315453,188283,122512,395229,223970,166084,388283,194573,189022,776680,393144,171636,148727,63857,10324,1094,609426,322000,123737,115533,47836,7776,812
NY-05,NY,5,239508,200795,33903,209840,180415,27277,268743,217735,48911,242294,171350,67342,776863,96785,162022,365090,135478,22138,3668,616399,79173,122351,292156,106891,17399,2986
NY-06,NY,6,208525,146631,55037,180640,131648,45118,244404,161737,79864,218113,118913,94491,777204,182004,173959,44834,379089,12065,1576,637723,154621,138326,36036,310253,9318,1221
NY-09,NY,9,285359,264673,12546,266812,249181,11296,316676,292988,20223,299139,263447,28071,776734,217208,110662,406694,58972,11821,1583,629796,176930,86171,332045,47388,9393,1268
NY-08,NY,8,216717,189326,22378,191709,170263,18513,240691,203058,35396,214250,163805,46628,776401,118150,255036,375614,57844,17508,2312,612138,102783,192848,291298,45974,13533,1807
NY-10,NY,10,272730,235769,26185,250674,218098,25505,301973,256760,40967,293007,235118,51450,777240,417718,136148,77884,149493,10010,2644,655188,354914,111733,61475,128602,8270,2299
NY-07,NY,7,166475,84800,75740,143070,82287,57705,197822,92545,103069,185869,66750,115554,776580,353536,131979,47986,238556,12875,1045,573809,255789,96651,37496,182011,9410,817
NY-11,NY,11,261309,114562,138516,234769,120319,110541,311398,137188,170561,286213,104367,176743,776336,442431,137192,82892,120245,11362,1274,616194,368792,97693,59932,92291,8214,990
NY-12,NY,12,323409,270239,39986,294168,247776,39412,339683,288976,45777,334968,271227,56974,777809,498142,91963,57733,127595,7326,2169,683250,443855,78489,48444,109236,6176,1909
NY-13,NY,13,271433,244781,18801,238365,215785,17665,284051,245772,35078,248119,192947,50984,777484,137549,395979,257506,48603,23148,2657,631569,121027,310560,206877,40012,18187,2128
NY-14,NY,14,200190,163580,31123,172340,143212,26053,220721,169385,49068,193646,124389,65771,777650,137754,425132,152987,94997,26562,2392,610507,120482,321196,115138,76243,20131,1813
NY-15,NY,15,205387,187727,14060,175259,160455,13005,217820,186589,29552,185602,137260,46412,777252,45473,426130,342207,35337,22914,3061,587824,37861,315915,257936,26770,17049,2264
NY-16,NY,16,300344,209426,80311,267657,194514,68770,327523,233676,90542,319026,209454,107625,776968,308282,223568,194043,62429,14512,1381,604148,252125,161923,150522,45744,10717,1041
NY-17,NY,17,331011,173530,143844,299501,171944,121492,372712,200923,167139,376287,184814,188877,776950,495375,153201,69956,46574,10059,943,571500,371514,106471,53351,34488,7175,671
NY-18,NY,18,333016,158487,157761,309062,163952,136883,378379,203753,168105,383425,198477,182217,777384,495050,142457,105254,31592,17014,1184,619260,414814,99037,76560,23870,12516,850
NY-19,NY,19,333955,142949,169102,311576,153781,147789,374368,180032,186146,372463,174834,195023,776888,616085,54987,57754,31169,16466,1130,627635,513838,37521,38792,23009,12348,778
NY-20,NY,20,346661,183773,139270,319532,184210,124215,387256,228531,149814,376924,215322,156912,777191,554030,55593,97627,54757,15633,1495,624766,466334,37623,66661,40398,11518,1053
NY-21,NY,21,325295,121409,180714,298234,129853,158679,369324,153575,208101,370243,147846,220649,776664,687742,24204,26059,9981,22204,952,623489,557161,17266,19703,7198,16770,643
NY-22,NY,22,335740,177737,135905,312191,180598,119912,374933,216687,149676,367900,210848,154138,776914,591315,42453,85942,39585,18023,1182,624533,492058,29385,57902,30762,12928,808
NY-23,NY,23,358126,123022,214200,326276,134060,183314,401784,159253,234131,395250,153761,238270,777052,686765,27736,26017,12448,19133,784,617721,555692,18078,17265,8696,13551,551
NY-24,NY,24,329294,110676,196356,297216,116979,170833,369199,140110,220500,367725,136946,228444,776200,676629,32952,32830,10470,18049,1280,615283,545395,22068,22290,7327,13268,826
NY-25,NY,25,356768,192502,140996,325152,189619,124696,391628,231219,150499,375639,220415,151011,776971,521583,73462,137937,40502,12325,1123,618698,437718,48928,95869,30468,9002,771
NY-26,NY,26,321299,181553,124782,286851,179047,100629,354316,218496,129373,339594,200040,134483,776767,501041,56532,161854,50771,14240,889,618815,424093,37479,113761,36672,9993,647
OH-01,OH,1,387157,211807,158051,356277,196495,152159,407037,240963,159836,384982,227742,153439,787238,479843,35493,226868,31770,13635,1414,612940,395683,22451,160818,23673,10020,943
OH-02,OH,2,340251,87570,239565,304830,86106,212593,371135,93750,272582,371885,89183,279942,785645,717869,12573,26921,5860,18626,755,609729,562412,7673,18700,3883,13918,451
OH-03,OH,3,324506,208955,101165,293171,192849,94028,343006,229724,107879,322585,211007,108408,786697,423131,59195,258138,35825,17286,1303,608142,356605,38415,176310,27197,12723,924
OH-04,OH,4,378678,86499,274835,339119,83275,248333,408490,96254,305965,407328,92975,310883,787151,701426,27649,31315,8222,14843,1463,602150,546234,17264,19414,5538,10680,888
OH-05,OH,5,358278,106018,234753,324834,104327,212327,395840,121555,268111,392798,118470,270869,786199,701639,23279,31868,9964,15142,785,611122,553716,14547,21495,6811,10949,524
OH-06,OH,6,378099,117380,244261,340612,118278,214131,409201,127695,275743,397087,117985,275901,785864,710359,15947,30058,7545,16858,683,626775,575162,9856,19647,5249,12412,444
OH-07,OH,7,379646,183738,179066,349474,176332,164985,419419,213155,201129,409337,205153,200680,787093,635376,54128,58908,26471,13316,860,630906,525396,35825,39710,19168,9851,594
OH-08,OH,8,365029,112945,235529,335546,108269,219906,407636,142764,258730,409638,142295,263560,786947,631549,36819,57627,42097,16620,1357,599745,495826,22640,37908,29061,12035,856
OH-09,OH,9,369191,179055,169025,328174,165673,153815,384406,190537,187263,372868,179142,190158,786282,584260,54443,117734,15664,16308,720,616688,478123,34718,79724,11475,12016,483
OH-10,OH,10,373070,166276,189385,337770,153222,176816,391812,185482,199668,378375,176259,198366,787053,556966,29705,155933,26438,18006,1434,616263,453161,19319,110358,19224,13402,959
OH-11,OH,11,360689,280730,70284,318320,244966,67891,360567,277932,78979,322606,244702,75636,785845,316395,62015,372603,32704,12186,1096,619324,271715,42795,275956,25149,9078,782
OH-12,OH,12,344917,111478,217315,313372,108175,198009,379829,123824,250255,379334,120792,255355,785844,695960,14240,41213,14341,17061,741,605112,543828,9070,26822,9946,12473,505
OH-13,OH,13,370144,186905,167002,338037,176653,153388,401295,209929,185726,391737,200480,187674,787609,590387,21365,124574,32305,16463,867,625008,487501,13899,86146,22760,12027,543
OH-14,OH,14,378623,166895,195992,342900,158772,176212,408467,181058,222028,394150,167454,223462,787447,644848,34404,80388,10330,14946,744,627446,528764,21739,55873,7336,10746,522
OH-15,OH,15,371895,187913,164777,361180,186432,167569,432240,244543,180940,430307,240060,185783,786534,564127,40053,90344,77767,13093,959,596212,444766,25817,60103,54654,9248,654
OK-01,OK,1,295994,99759,178824,285306,105677,168365,320888,123839,188798,314737,121861,186200,792830,451424,109695,95910,33989,116196,2248,598665,370291,68432,64624,22949,77828,1362
OK-02,OK,2,298601,68976,216573,282840,75703,198122,318383,72029,240540,322541,69378,248158,792222,475463,41628,39932,8592,238384,1917,608735,395578,24883,26873,5834,158666,1097
OK-03,OK,3,298477,59983,221704,282693,65940,206598,316833,71223,238247,327173,75528,245397,791068,555742,88382,38110,17548,95832,5060,597980,442357,54964,25275,12417,63021,2834
OK-04,OK,4,288622,79272,192554,276645,85632,179986,312502,95570,209748,315452,94645,214832,791865,520375,78984,63618,26398,113508,3144,607254,421327,50898,42359,19168,75500,2002
OK-05,OK,5,271298,112385,139481,264131,119339,133243,292093,141229,142947,286129,138044,141499,791368,404184,153242,145128,37087,69911,2657,598064,334301,96444,99778,26967,48177,1696
OR-01,OR,1,319256,165810,114572,350998,200708,132155,382368,227877,140970,360646,210629,135564,706314,459200,118066,21615,80641,26247,7122,551551,379242,77922,14130,58696,19129,4779
OR-02,OR,2,315217,86198,199129,346355,110175,220445,377765,122105,244772,366861,115154,240440,705367,537631,99618,10000,14860,38784,4741,554632,440737,63817,6274,10331,28107,3030
OR-03,OR,3,353577,271419,48930,380845,307305,57409,408098,337335,59239,366699,301504,49422,706210,463136,84764,56483,75929,25427,8181,582585,400495,60245,40363,59084,19724,5701
OR-04,OR,4,355812,182789,132828,379811,215116,145376,408410,237172,157774,389264,222540,151961,706208,550375,69771,14692,30888,36135,5163,582018,468232,47587,9766,24118,26872,3611
OR-05,OR,5,314052,128752,149404,352026,164041,170502,384293,186342,185290,374152,179348,181442,707208,507453,127209,12634,22072,34603,7657,548899,415298,81350,7740,15588,25054,4842
OR-06,OR,6,342118,166768,136773,377032,199969,159151,412106,229059,169657,387770,212215,160750,705949,518363,89329,19268,50906,24530,6845,550967,422271,58473,12182,35968,17845,4556
PA-01,PA,1,393551,191226,188238,389243,201694,180265,451194,230711,215936,452685,221018,227195,764435,601310,48354,44953,59064,8905,805,609504,494295,32082,31211,42985,6471,574
PA-02,PA,2,302934,233604,62397,276701,215769,56705,317628,238706,76602,303710,218115,81913,765170,279228,194250,214921,84358,11987,1841,596027,242347,134865,155081,65764,8897,1401
PA-03,PA,3,374714,343776,23940,352956,324466,24069,389257,357688,29312,382797,342776,35603,764758,196016,37410,484904,49078,10825,1234,620797,178208,27926,372473,42064,8365,939
PA-04,PA,4,385714,220153,151029,389846,234361,148258,452439,275675,172020,462457,273999,183544,765182,552016,49972,89127,65789,9547,821,602602,450559,32519,64047,48373,6753,569
PA-05,PA,5,405748,239886,152150,401233,245142,149340,454198,286262,163727,457217,280952,171464,764765,536232,36377,117416,66607,8246,825,600385,438401,24361,83477,47399,5796,578
PA-06,PA,6,346408,168394,163295,343800,178363,157147,401428,211858,184410,413492,212193,197135,764880,534964,132379,60551,34389,13281,1196,589128,433373,86604,41940,23395,9241,822
PA-07,PA,7,338502,164531,161293,331369,172448,151596,395373,204620,186083,408689,203357,200829,765710,506706,153881,76529,31911,12053,1097,606830,426880,103747,52025,23400,8685,780
PA-08,PA,8,332619,141323,181078,323014,155383,160500,382490,175693,202861,393222,170433,219349,764021,588640,92970,58878,17992,11776,1088,615014,494979,61414,39533,13386,8437,702
PA-09,PA,9,338111,95521,229294,328237,108816,210881,386873,119971,261280,398490,121849,272916,764864,669737,44306,27688,10160,11451,914,610368,545984,28370,18578,7211,8339,616
PA-10,PA,10,347683,149131,183631,344832,161274,174967,399547,188628,205129,411822,192786,214312,764864,544794,72462,101805,41079,12109,1180,600698,448938,47283,68934,29488,8761,797
PA-11,PA,11,341583,119074,206105,339190,130528,199525,397045,153328,237727,412526,160180,248304,764864,625709,70434,41832,21199,10785,897,591963,498270,45997,26950,14813,7710,563
PA-12,PA,12,393418,238915,141661,375500,243192,123365,424188,266462,153105,421995,263631,154049,765387,526516,21894,167946,37680,11038,851,632305,455970,15740,121017,30428,8065,590
PA-13,PA,13,346434,87050,247592,338347,98250,232506,400148,107201,288136,413208,110800,298889,764864,685539,27923,28330,8131,12151,755,608305,555296,17552,18063,5797,8796,469
PA-14,PA,14,363106,115631,235889,351543,132455,211315,412644,137214,270960,422600,137352,281723,764297,693328,11967,32912,7625,11289,766,624201,573521,8249,23033,5442,8272,491
PA-15,PA,15,345283,102937,228664,333329,111913,212888,387842,119496,263047,397666,121639,272661,764864,691812,16775,20569,18712,11614,890,621955,564442,12831,16172,15457,8613,663
PA-16,PA,16,360283,132836,212600,350209,144993,196616,406694,158729,242664,417766,159548,254692,764865,665554,20408,46299,14306,12168,635,610144,543898,12768,29501,9923,8764,430
PA-17,PA,17,399600,182168,202447,398650,203392,185542,459361,228233,225443,463397,230481,228657,764910,655316,17853,40374,35646,9939,737,613322,538649,11950,27029,24365,7169,481
RI-01,RI,1,202639,128914,61261,197975,136001,58207,221200,147896,68969,217409,135432,75798,547850,296579,144760,77359,27191,13670,1390,438160,256859,101589,55477,21160,9803,1020
RI-02,RI,2,261505,123611,119282,263669,144071,114245,296557,159590,130953,295945,149700,138600,549529,457471,37341,22566,21259,9687,941,449434,385576,24399,14889,15786,6844,635
SC-01,SC,1,308095,142375,147463,315480,152943,156915,382200,194268,181297,384873,183782,194769,730892,473211,62372,163939,19490,13480,1559,581454,394196,41575,121571,14165,9954,1066
SC-02,SC,2,315273,110814,188669,309480,115913,187943,360989,139826,215368,360464,131673,223514,732095,488758,48554,162545,18353,16326,1225,574203,398777,31578,119341,13284,12055,815
SC-03,SC,3,288003,89083,184023,285439,94795,185320,341714,118143,217599,347038,112318,229319,730715,516009,61300,120391,17620,16503,1117,576366,423282,40116,87117,13317,12500,745
SC-04,SC,4,291701,91380,188149,289403,96163,188331,350654,118819,226652,362319,113177,244556,730924,495525,55771,147640,18566,14969,963,562713,395483,36163,107199,12958,11142,613
SC-05,SC,5,305465,120201,173492,303238,125140,173470,364167,151218,208184,368110,144784,218539,730945,453665,37549,205816,17785,18189,836,562573,363138,24106,151042,11990,12801,546
SC-06,SC,6,312756,200503,103359,303119,197850,102030,350205,228879,117473,328335,201714,121620,731274,260332,37282,413501,15337,11676,1564,573362,217885,25260,314054,11301,8776,1063
SC-07,SC,7,281734,101017,170234,290060,110194,175803,363400,140388,218530,397001,141004,251430,731580,491052,50010,156696,16515,16968,1473,583789,411214,32326,114332,11817,12501,998
SD-01,SD,1,370111,117466,227731,370598,135916,230319,422609,150471,261043,426390,145799,270651,886667,705583,38741,26307,18489,98842,1642,669255,556081,23855,14956,12406,60618,1033
TN-01,TN,1,277258,53956,212555,274279,61006,208816,334238,72176,256908,348673,69806,275391,767411,681633,31207,24691,8330,19227,1035,615935,556265,19480,16804,5999,14971,685
TN-02,TN,2,294453,91216,185572,301133,108879,185927,360836,130438,222960,370162,126725,238114,767470,622739,42696,60048,19692,20725,1082,608453,507809,27088,41276,14504,15840,707
TN-03,TN,3,288815,82878,192020,291074,94397,191311,348130,111324,230571,360904,109183,247078,766893,593428,51142,84976,15464,22241,995,606720,484178,32207,61259,11355,17072,647
TN-04,TN,4,290855,85540,188340,313049,109207,197086,384361,138696,238338,402089,136118,260083,768583,577328,54675,83091,36125,16360,1248,574030,444781,34968,56945,23894,11938,797
TN-05,TN,5,262895,155223,91200,278609,175818,92348,326779,209050,107754,306049,189840,110048,768358,410114,110620,199117,37935,16130,1300,610438,351486,73329,147050,28801,12686,950
TN-06,TN,6,269222,58695,201157,267439,64461,198538,330450,70408,255063,352159,68415,280426,768720,668935,39621,31231,7467,20072,863,602860,534456,24324,21653,5224,15378,558
TN-07,TN,7,254431,68066,175663,257834,77488,175279,321334,91110,224258,339667,88750,247071,767978,592216,50721,91233,14131,20270,2630,585691,465846,31789,62364,9634,15000,1570
TN-08,TN,8,309126,86220,212976,297980,87316,205505,354686,103454,246156,340715,92562,244536,766982,556127,28043,150964,15125,15649,1005,595707,443931,17483,110656,10304,12010,713
TN-09,TN,9,260972,188901,63442,249420,181428,62508,292175,217055,70467,243524,174866,64118,768445,197726,70462,470763,24414,10762,850,584639,169544,45049,346730,18675,8166,618
TX-01,TX,1,284456,70048,205881,276914,71193,201641,325367,86232,235293,328177,78394,246910,767792,461095,130154,146439,12072,22419,1127,585031,371856,82667,106672,8535,16704,774
TX-02,TX,2,265338,60102,192856,279615,71180,202855,343042,94825,243501,377840,102478,271591,766375,464191,196660,54595,33015,23475,2004,566166,364523,127584,36471,22864,16754,1315
TX-03,TX,3,244440,106752,122808,270187,132213,131042,333562,174422,153444,332870,163260,161742,766011,350073,147980,108408,147291,20277,1958,581585,286645,102117,77364,104025,14875,1285
TX-04,TX,4,263798,53606,200677,272201,62059,205446,333814,80354,249163,379987,91155,285013,766818,519140,132769,73645,15873,29665,1435,576602,411957,83414,49825,10954,21457,926
TX-05,TX,5,192324,107846,77287,199177,116682,78295,233276,140365,89542,217603,120137,93140,767242,181192,366652,161023,54069,25260,1271,558859,154272,243499,113749,41292,18427,891
TX-06,TX,6,255779,80487,160324,290365,105750,177663,368846,146513,215981,427387,159073,258833,767156,445195,127476,84841,92600,23097,1748,545595,334933,81314,55236,60557,15602,1103
TX-07,TX,7,274931,150129,108979,290404,164413,119275,337120,202190,129948,315777,182659,126513,766645,346762,193051,124696,96774,16422,1680,613956,294058,143656,95028,75161,12366,1124
TX-08,TX,8,248297,62850,174930,250709,68324,177478,300132,84981,210599,316167,80098,232917,767660,445072,176005,108864,22318,20405,2050,607962,370454,122834,82899,18222,15480,1332
TX-09,TX,9,246561,131393,105939,271113,148069,118152,334752,188366,141795,349004,181794,159100,767526,221340,208605,190353,145577,15169,1307,558873,172182,141238,136567,105070,10678,924
TX-10,TX,10,291202,120197,150602,332549,152997,169897,409127,198877,201825,438046,204778,224560,766945,485090,151191,40229,75108,20908,2261,575669,383954,100943,27084,50233,14982,1489
TX-11,TX,11,299461,54171,234180,306422,60170,240897,365659,75587,285113,387362,75552,308290,767186,521853,183551,31244,11466,23709,2378,602790,432331,124529,20881,8099,18031,1563
TX-12,TX,12,270215,80097,176623,283236,95503,181378,340109,123563,211114,364458,133123,226471,766742,452226,177771,91789,27583,24648,2184,577930,363849,116354,62048,20059,18042,1391
TX-29,TX,29,166394,93851,66660,164978,91915,70088,199011,106886,89645,183473,87096,94377,766669,138283,513495,94705,20248,22066,1083,557865,116183,355186,68244,15665,16277,757
TX-14,TX,14,266455,91108,163129,274576,98958,169606,330661,123023,202311,332434,116519,211223,766443,393274,222103,92290,47369,21083,1425,584778,319948,151722,66013,35335,15673,950
TX-15,TX,15,161139,109003,45612,161755,101582,56943,202775,118163,82632,201276,97373,102026,766786,49291,700640,6726,10457,10990,375,540660,41750,486057,4375,7842,8119,238
TX-16,TX,16,199104,135227,52253,206374,140110,59839,244363,163570,76994,230200,132146,94595,767113,93985,622543,36921,17885,19287,3008,576087,78008,459675,25094,13045,14588,1949
TX-17,TX,17,211323,74159,126032,219915,82156,132665,270161,106026,158977,277503,99406,174575,767161,375516,190385,164244,28597,24519,8066,573092,303818,125521,111641,20591,17714,4928
TX-18,TX,18,196206,157286,32870,199886,158799,37705,243721,192303,48663,228162,168393,56799,767496,90532,297388,348392,34554,18231,2364,565453,76153,201598,259111,28566,12884,1711
TX-19,TX,19,238637,54625,173178,232869,58565,169407,274133,71745,198213,272885,65412,204795,767751,365088,309741,59052,22901,23108,1259,574989,297203,208643,40581,16727,17324,767
TX-20,TX,20,199954,137430,52361,202249,140478,56866,246304,172094,70482,219737,140500,76046,767199,112371,576817,60999,21190,22400,2350,582803,98122,424129,44178,15799,17373,1576
TX-21,TX,21,287824,103169,168021,307659,120864,179360,376929,159466,211473,392653,157009,230326,767872,372374,286982,62840,39831,22574,3434,588305,304490,203146,44047,28058,16892,2313
TX-22,TX,22,185846,101962,76068,198246,109534,84836,248534,138001,107142,231611,113858,111249,766088,165287,295250,158618,146668,17764,1300,555898,128727,204593,110595,110059,12722,825
TX-23,TX,23,203923,58284,137508,200790,57156,139837,243738,66924,173505,238632,57829,178440,766660,281015,427041,37796,13421,19152,1711,562425,223556,295502,26147,9338,14065,1093
TX-24,TX,24,280476,89609,175259,297381,108779,181355,357687,142427,209163,362546,139101,218168,766990,443161,154590,77359,74709,23050,4019,569696,349840,102186,50604,52208,16564,2599
TX-31,TX,31,181296,105840,63531,209996,133292,70413,264288,170965,87558,280266,170439,104351,766777,241923,389582,91165,40711,25035,4195,573881,203785,266493,66506,31182,18898,3627
TX-26,TX,26,169470,100591,61642,174296,104057,66758,211799,125922,83080,191364,102463,85613,766306,124590,458679,127287,56845,25052,1396,558668,106207,315607,90431,45068,18227,949
TX-27,TX,27,278623,71166,198541,278303,71460,202654,331518,86420,241238,343405,82235,258285,767428,393440,281776,69794,12479,18446,1258,590989,325400,194250,51662,9063,13888,816
TX-28,TX,28,180996,116185,58755,175690,102405,69927,219051,113473,103315,210046,88675,119792,767536,71597,681077,7145,4651,11147,643,542739,58606,472951,5019,3388,8177,422
TX-13,TX,13,280533,44913,225778,285952,50714,230327,344953,63390,276915,375776,64799,307821,766801,546062,141313,41038,13465,28471,1652,588896,437766,92605,28447,9315,21052,1085
TX-30,TX,30,234082,178243,48900,243804,186592,52543,286321,221776,60997,261312,189148,67734,766817,128869,258402,343997,35555,19701,1329,568098,111043,173057,254181,26791,14336,925
TX-25,TX,25,187323,117346,61206,194756,126545,63866,231881,153663,74635,216407,133931,79118,767507,183953,325930,211527,43023,19892,2463,568468,159314,218904,151954,33042,14815,1620
TX-32,TX,32,303600,145167,141352,322786,164480,150688,369436,204248,159032,348405,180129,157821,766304,417569,142706,96349,98025,17752,1447,611444,351040,101389,72494,75852,13486,1018
TX-33,TX,33,186074,110569,67282,197161,122667,70067,232450,149092,79826,215781,124773,84702,767116,180029,381454,104078,96730,23366,1472,583768,159249,267528,78718,72448,17469,1084
TX-34,TX,34,191468,110942,72717,190518,104719,81971,232902,125332,104582,228438,107066,119217,766094,120765,609727,21086,13648,13328,1041,565073,102204,434961,14911,10265,10147,708
TX-35,TX,35,212431,108096,91111,232603,125339,101192,293991,165455,123743,315813,165963,145344,767945,218537,419781,92440,42202,22685,3644,564528,178950,289956,63529,30006,16442,2337
TX-36,TX,36,270083,79568,183441,263139,77620,181906,310086,90854,215717,306574,80350,223929,766233,434239,149270,151593,17678,18218,834,582180,349016,97925,110543,12965,13694,576
TX-37,TX,37,319580,216971,77852,347013,251695,84154,395741,294056,92683,364622,262160,93200,767846,414153,196298,63634,83631,20314,2135,626601,354047,148935,48415,64935,15892,1536
TX-38,TX,38,253766,88877,152711,271081,105077,160407,333179,137732,190731,340529,135860,198777,766469,335465,216882,127499,79007,20977,1890,558298,262554,144651,86577,56298,14788,1309
UT-01,UT,1,290425,62856,136620,315027,82143,217835,367137,119409,230821,369344,125270,232121,818232,647413,108747,16541,24766,18177,9349,571291,462781,67795,9667,16389,12185,5221
UT-02,UT,2,267850,39677,168123,306417,55909,236128,376567,82248,279931,409685,93498,306246,816960,668425,87112,9166,15166,30416,10824,553333,462130,52856,4833,9046,19899,5758
UT-03,UT,3,279498,135642,78397,305232,161347,131106,352670,212638,126373,324094,195290,119320,818009,506966,195935,28448,49235,23399,24373,617372,405925,130437,17652,36766,16584,14789
UT-04,UT,4,293602,72501,132091,328119,95647,219036,391302,145987,228014,384668,148165,225395,818415,642551,101118,12973,35921,15242,14701,582055,467164,65522,7727,24080,10106,8729
VA-01,VA,1,372767,148479,203394,366627,159910,200852,432049,196736,226852,461357,204512,248550,785502,502234,77610,146899,44381,20915,2356,599461,401374,49628,106068,30012,14887,1483
VA-02,VA,2,343118,146133,175014,323616,152453,165270,382468,187153,186942,387560,186671,194255,784462,474150,69109,167301,65140,19459,4004,612716,386112,46301,123541,47351,14019,2736
VA-03,VA,3,330767,212247,101634,296807,199420,92728,356905,243019,106823,343894,227892,110104,784308,296147,57300,393543,33797,18483,3259,608161,247687,38710,291383,25235,13540,2158
VA-04,VA,4,363484,228491,117850,338816,220158,113704,399598,264634,128593,390027,252491,130621,785404,338357,71320,342921,25156,16117,1753,631176,290675,48083,265183,20143,12298,1210
VA-05,VA,5,382765,131465,235011,358114,126225,227527,417642,150305,260656,423526,142778,275803,784293,550044,28424,180529,10622,15033,969,632010,453251,18673,140802,7743,11305,633
VA-06,VA,6,326654,106328,201239,320626,113988,201569,377976,137715,232893,397170,141166,249662,723089,572219,64672,56032,16020,15590,1223,569935,465307,41536,40322,11563,11260,791
VA-07,VA,7,400917,186065,188025,397518,202509,187655,453368,238505,206061,479353,254978,215092,784312,544845,49959,111264,64206,13787,1180,613005,439427,32850,83666,46267,9883,778
VA-08,VA,8,374999,268513,79721,349309,259622,82086,400942,305018,87213,402470,291978,96995,784638,398447,143030,92167,143655,14818,1812,623889,332788,102939,71448,110436,11096,1303
VA-09,VA,9,359963,108402,234233,332486,108957,219141,395911,127629,261925,399838,125685,269068,785220,659989,27048,61812,20712,14590,896,638744,545199,18246,46104,16451,11377,597
VA-10,VA,10,390644,232257,131101,379014,239502,132034,443068,288933,144984,455194,276448,162402,846046,422652,119378,76909,218670,13226,1898,631655,332694,81654,54471,155639,9261,1260
VA-11,VA,11,336674,213093,102221,321760,214311,101479,400597,273921,119488,362899,229179,121545,784119,301914,200519,164768,114721,18053,2746,584302,242465,135694,118215,84248,12817,1811
VT-01,VT,1,315067,178573,95369,327892,190376,121430,367428,242820,112704,369422,235791,119395,643077,573201,15504,14422,16182,16900,725,524482,474146,11113,9038,11665,12780,518
WA-01,WA,1,345748,190287,127949,388172,226737,155040,439597,262763,162251,424586,254116,154199,769610,530242,94608,32506,73492,35364,8322,615366,445563,61930,21626,55959,25365,5583
WA-02,WA,2,326310,212636,90309,355386,238426,111142,395748,276888,106482,369067,253910,99172,771308,426603,64128,30768,230918,14766,5900,590634,347226,43497,20183,164252,10687,3921
WA-03,WA,3,312978,133522,155687,362629,169678,187597,424208,197848,212963,424781,199617,210816,771280,579778,85902,23975,42412,31680,10896,594631,465410,53647,14958,30200,22986,6884
WA-04,WA,4,252888,89302,145842,283869,111794,168449,325293,128940,186375,312548,117612,184865,770790,393749,305144,14240,21043,44734,3372,557188,316485,190545,8407,14408,30460,2121
WA-05,WA,5,327039,126339,172511,368575,160827,201994,418122,180553,222496,405951,173720,217692,769978,608140,64697,24679,31058,35590,8367,609613,495136,43220,16203,22775,25600,5336
WA-06,WA,6,362908,184290,146721,409605,225035,177196,464115,258679,188537,457139,260214,179692,770467,581303,64699,27351,50357,42777,11068,624104,489483,42382,18705,36135,30607,7195
WA-07,WA,7,399607,335355,41932,424255,363229,55957,462563,401765,49157,441528,378869,45256,770377,484449,66526,55062,144256,19503,6421,656457,424134,51736,40824,121749,15542,4646
WA-08,WA,8,328932,140367,160328,379754,172644,200316,437818,205354,216491,431739,200489,214878,771058,567381,91448,24212,50650,31849,9663,585966,450283,57738,15043,34171,22199,6033
WA-09,WA,9,276814,183483,75203,309181,210977,93900,354349,243829,100812,316110,209246,94423,769972,310012,117876,116088,200612,23644,21461,597602,264015,78760,80315,152833,17687,14141
WA-10,WA,10,275990,147137,105265,314371,179649,129141,365818,212993,139087,340794,198056,129930,770441,437163,104185,97359,95048,33726,28719,593128,360769,67219,65226,69406,23421,17814
WI-01,WI,1,361059,155294,183244,349157,158500,182601,405988,186607,212561,417027,187569,222172,736832,553222,90135,58836,22219,15397,902,578290,456494,57185,37958,15462,10932,609
WI-02,WI,2,390756,259927,104994,384246,271367,104419,435862,309915,118462,459931,323732,128228,736681,567574,57854,51992,46068,12969,1018,583919,468181,37378,32712,34576,9426,712
WI-03,WI,3,364660,165344,173491,344492,172779,162815,401327,193656,199973,424143,198385,218832,737594,659041,27214,14648,18485,14351,987,576645,525304,17036,8779,12092,9915,640
WI-04,WI,4,336901,242859,74983,317146,233699,76574,346049,261167,79046,346997,258925,81119,735977,303097,130425,256850,42750,16883,1088,558001,263417,85410,174976,28947,11764,809
WI-05,WI,5,417063,140261,249168,408286,142062,257818,470249,180136,282276,484522,188318,288378,735862,633079,38023,18648,32299,10241,819,576264,510503,23594,11015,20825,7026,535
WI-06,WI,6,371566,131847,217834,352596,136554,208659,415030,153879,254515,432873,157892,268399,737005,650975,35191,15214,11548,21012,750,582746,526021,21885,9775,7631,14473,488
WI-07,WI,7,370456,135380,214235,348857,141155,200154,418013,160491,250627,438898,162343,269430,736543,659864,18303,10183,14601,28648,972,582401,532819,10920,5736,8955,19449,574
WI-08,WI,8,363689,151624,187335,346420,156210,181533,405523,185015,212724,418527,191065,221068,737224,607166,50145,26372,28375,25071,934,574034,491487,30661,15362,18152,16766,629
WV-01,WV,1,355774,92958,247279,362920,119390,235604,392576,112947,273523,364662,98066,259831,896067,805369,11331,48212,8927,18242,743,715682,649695,7866,34003,6488,14334,489
WV-02,WV,2,357275,95834,242092,370080,119332,238742,402076,123037,271859,397728,116243,273725,897649,793465,23496,42314,13354,19447,983,717250,643345,15617,28957,9757,14713,673
WY-01,WY,1,255849,55973,174419,234289,61851,162714,276765,73491,193559,269048,69527,192633,576851,469664,59046,9661,9473,27480,1714,441337,370041,38153,5928,6520,18433,1009
